,City,Country,Cloudiness,Date,Humidity,Lat,Lng,Max Temp,Wind Speed
0,aksarka,ru,8,1505496352,85,66.46407789033569,69.20398749919318,34.20679999999999,4.58
1,geraldton,au,20,1505494800,93,-35.23990067250618,88.05978662307382,58.99999999999994,3.1
2,santa vitoria do palmar,br,56,1505496358,85,-33.474083603990124,-52.173455591155516,61.47679999999997,7.13
3,new norfolk,au,20,1505494800,65,-75.5967524651612,124.14029126723284,40.99999999999994,5.1
4,san patricio,mx,75,1505493720,75,0.5934235043677489,-114.50639262227284,89.59999999999997,1.83
5,punta arenas,cl,75,1505491200,61,-65.0268024120472,-82.04981548860827,48.19999999999999,15.4
6,atuona,pf,88,1505496364,100,2.6157575447103625,-142.90758224270536,80.37679999999995,8.53
7,klaksvik,fo,92,1505494200,87,74.07652350243,-5.934680382897255,48.19999999999999,7.2
8,tuktoyaktuk,ca,75,1505494800,100,87.82802750646826,-133.07297288375995,46.39999999999998,5.1
9,vaini,to,75,1505494800,83,-75.88248595852252,-176.0323573015417,69.80000000000001,2.6
10,namibe,ao,24,1505496376,100,-14.889087575187759,5.825686875820736,65.7967999999999,2.98
11,ushuaia,ar,75,1505491200,80,-88.16066937524317,-79.93969258994835,49.99999999999994,7.7
12,carnarvon,au,88,1505496379,97,-18.58533729384986,105.63621869696368,68.9468,4.93
13,saldanha,za,0,1505494800,76,-37.06480445547298,0.12482364651779676,57.19999999999999,5.7
14,narsaq,gl,90,1505494200,100,82.35155800381597,-61.78560172618333,44.599999999999966,0.5
15,taolanaro,mg,75,1505494800,68,-80.4294343782151,70.50880775179652,71.59999999999997,7.2
16,richard toll,sn,0,1505496390,38,16.897158333933305,-16.437961216126496,93.60679999999996,7.08
17,bluff,nz,92,1505496392,100,-81.48170641967107,153.20354173459515,49.5068,11.33
18,manati,cu,75,1505494560,59,21.63084594755358,-76.70798797295609,89.59999999999997,5.1
19,ust-maya,ru,68,1505496395,94,58.55186316832945,133.24521519292887,36.99679999999995,1.13
20,naze,jp,56,1505496397,100,26.415582372586925,133.30626791571126,82.98679999999996,14.08
21,khalkhal,ir,0,1505496398,89,37.30282554487766,48.89090379173592,55.98679999999996,0.98
22,belushya guba,ru,56,1505496400,96,83.60881903407713,44.01202538721634,39.69679999999994,8.18
23,saskylakh,ru,92,1505496402,94,77.78788596583965,117.14540139802864,31.05680000000001,3.43
24,victoria,sc,20,1505494800,67,-2.9108782582086548,49.743983932482394,66.19999999999999,1
25,hasaki,jp,75,1505493000,82,24.466528362113365,154.43153752397797,66.19999999999999,4.1
26,luderitz,na,0,1505494800,77,-29.305381437745368,11.255974157745186,60.80000000000001,9.3
27,yumen,cn,32,1505496407,56,36.521465454149975,94.3320963112356,54.90680000000003,2.03
28,talcahuano,cl,0,1505491200,44,-30.9786099736203,-83.23036664630226,57.19999999999999,5.7
29,albany,au,75,1505495100,69,-80.95994232341964,93.33578653657423,78.80000000000001,1.5
30,mataura,pf,68,1505496263,83,-68.17764409639888,-143.48019993025724,78.66680000000002,1.33
31,bethel,us,75,1505494800,69,61.028936825678755,-158.7532477920325,82.39999999999992,2.1
32,hobart,au,20,1505494800,65,-43.49296925678145,148.8200919643897,40.99999999999994,5.1
33,bilma,ne,100,1505496418,16,21.98861486223153,14.956099198021207,98.28680000000003,2.43
34,roald,no,75,1505494200,87,74.93634685927486,1.235264684431229,55.39999999999992,2.6
35,mahalapye,bw,0,1505496424,27,-23.097620242010663,26.8052983266021,75.15680000000003,5.38
36,tevaitoa,pf,56,1505496425,100,-19.33422661587413,-154.35562264173666,78.48679999999996,3.58
37,hofn,is,75,1505491200,97,69.20650966125604,-12.15657427275002,53.599999999999966,1.5
38,butaritari,ki,56,1505496429,100,15.014712421881185,177.16554639713542,80.37679999999995,2.78
39,severo-kurilsk,ru,0,1505496430,100,33.66888415430927,162.96753549339513,41.856799999999964,2.43
40,castanos,mx,12,1505496432,25,26.38596339164549,-101.40960066293874,94.77679999999992,1.78
41,santiago del estero,ar,48,1505496433,35,-28.641513640785625,-63.662112368281754,64.89679999999993,6.28
42,jaisalmer,in,0,1505496435,68,27.8657382843967,71.40001381582206,78.30680000000001,1.33
43,lavrentiya,ru,76,1505496437,95,77.214627675813,-167.91995877164953,42.30680000000001,6.88
44,sivas,tr,75,1505494200,23,39.93193784082828,36.842301897557235,73.39999999999992,2.1
45,saint anthony,ca,1,1505495700,51,53.258560019946486,-51.799656282509005,80.59999999999997,3.6
46,souillac,mu,20,1505494800,73,-59.925225714064936,77.94015601215148,69.80000000000001,3.6
47,hermanus,za,76,1505496443,93,-57.36508403821134,12.863577945234397,52.29679999999996,2.03
48,pacific grove,us,40,1505494500,67,27.67930016588207,-137.08475453955447,64.39999999999992,4.1
49,pangnirtung,ca,75,1505494800,94,66.48047594835288,-66.1152185417469,39.19999999999999,3.1
50,barrow,us,90,1505494380,100,85.75512849621296,-161.43670184196668,37.39999999999998,4.1
51,havoysund,no,75,1505494200,81,78.46109142576609,24.015229433414447,44.599999999999966,9.8
52,watertown,us,75,1505495700,57,44.793613698777705,-96.7494241675142,80.59999999999997,2.6
53,busselton,au,20,1505496454,100,-63.242553213407966,92.17895045923399,58.686800000000005,3.58
54,bambanglipuro,id,100,1505496455,94,-14.002926463458607,110.43837395345906,71.10679999999996,1.63
55,homer,us,75,1505494380,93,60.683029003868626,-153.78599228203063,48.19999999999999,2.1
56,swabi,pk,0,1505494800,66,34.37662119940768,72.54820684552033,53.599999999999966,1.5
57,port hawkesbury,ca,1,1505494800,56,40.9514017375414,-60.04392028966602,67.99999999999994,4.6
58,susehri,tr,88,1505496242,46,39.29886363170823,38.31497479643724,66.60679999999996,0.83
59,basco,ph,44,1505496463,100,20.231493490597686,125.91193655421205,84.24679999999995,8.83
60,kapaa,us,40,1505494560,88,9.720613759194379,-176.48588364208848,75.19999999999999,2.6
61,shimoda,jp,88,1505496466,100,27.864166665567453,140.02326129713748,75.24679999999995,8.08
62,vidim,ru,92,1505496467,95,56.46680276119238,103.56393607722134,42.39679999999993,4.33
63,tura,ru,0,1505496469,94,64.59001216129167,100.91070414588205,77.0467999999999,0.98
64,piopio,nz,92,1505496470,99,-38.51613434807663,174.80121562920664,49.86680000000001,6.73
65,qaanaaq,gl,0,1505496472,100,77.43050058226743,-88.16321706756756,21.966800000000035,2.78
66,wiltz,lu,40,1505494680,71,49.985162518010185,5.897832185675725,51.799999999999955,5.1
67,tabiauea,ki,36,1505496474,100,0.8754657516561224,171.71366622736923,72.5467999999999,0.43
68,airai,pw,0,1505496476,91,6.406674376101165,143.1253705787601,79.11680000000007,1.28
69,natal,br,20,1505494800,54,-2.7588973983447005,-27.328033779562872,84.19999999999999,9.8
70,east brainerd,us,40,1505494500,57,35.046581934964635,-85.07484781466445,80.59999999999997,1.53
71,sibolga,id,92,1505496480,100,1.6916598060373502,97.98537279333806,67.50679999999994,0.73
72,tomatlan,mx,48,1505496482,71,17.590401244313924,-108.18792378489749,85.14679999999993,2.18
73,santo domingo,ni,20,1505494800,66,12.431792722175146,-84.88141728036518,89.59999999999997,5.1
74,hithadhoo,mv,0,1505496484,100,-17.091084492361716,80.09948373653361,81.90680000000003,2.13
75,sola,vu,76,1505496485,100,-10.311561039753983,170.42391201896174,78.75679999999994,8.53
76,ilulissat,gl,75,1505494200,81,80.20983508078442,-45.39317004183539,44.599999999999966,0.5
77,lompoc,us,20,1505494560,68,23.54410614298523,-136.0906412796048,67.99999999999994,4.1
78,aklavik,ca,75,1505494800,93,79.71437447490993,-142.89346656792114,49.99999999999994,2.1
79,castro,cl,12,1505496492,38,-47.77055889561679,-93.00850800067133,84.15680000000003,4.08
80,esperance,au,0,1505496493,62,-41.31165961955931,127.12033473517573,51.84679999999997,3.63
81,dikson,ru,0,1505496495,95,86.46056851293213,75.49658042488977,40.14679999999993,4.58
82,rikitea,pf,8,1505496496,100,-69.92085421662398,-132.1833319003337,72.72679999999997,6.03
83,yellowknife,ca,40,1505494800,76,83.58310335008235,-98.09363459427139,53.599999999999966,7.2
84,thompson,ca,75,1505494800,61,71.23751209707322,-88.5377988656396,48.19999999999999,3.6
85,coulihaut,dm,80,1505494800,67,14.690139471768688,-63.21516511081677,62.599999999999966,3.1
86,mawlaik,mm,20,1505496502,89,22.777669482730403,94.55720232525613,78.03680000000003,1.23
87,kodiak,us,90,1505494380,93,41.83343413320739,-151.45478604026124,44.599999999999966,4.43
88,pevek,ru,92,1505496505,100,68.95722174957751,169.44762387585615,36.636799999999994,10.08
89,lolodorf,cm,92,1505496508,95,3.3020003036084944,10.958673194820221,71.55680000000001,1.53
90,buin,pg,0,1505494800,39,-7.249815440614725,155.7728701414103,64.39999999999992,1.5
91,leona vicario,mx,75,1505493960,66,21.152133680028726,-87.12357337098383,89.59999999999997,4.1
92,upernavik,gl,92,1505496512,100,89.2985466734153,-49.984223867111155,36.45679999999999,1.33
93,komsomolskiy,ru,12,1505493000,40,68.66371290359902,171.71739458435303,69.80000000000001,3.1
94,cockburn town,tc,64,1505496357,99,23.04056555914542,-68.23444151833095,83.52679999999992,3.13
95,hilo,us,1,1505494560,73,28.27621587202475,-148.81977273816605,71.59999999999997,1.5
96,vardo,no,75,1505494200,87,85.89144828293604,36.3939132814848,44.599999999999966,13.9
97,kaiyuan,cn,32,1505496520,84,23.982648968657685,103.20395998841286,63.72679999999997,1.68
98,marcona,pe,88,1505496521,98,-20.354353131985846,-79.1951826093418,59.046799999999905,7.83
99,taungdwingyi,mm,68,1505496523,93,19.914252909780444,95.24041020980383,77.85679999999996,1.18
100,rusape,zw,0,1505496524,44,-18.109491249625222,32.36891429116824,62.46679999999998,2.98
101,bredasdorp,za,100,1505494800,87,-89.15598333486999,18.513606032352953,58.99999999999994,1.5
102,isangel,vu,0,1505496527,100,-21.50958482946656,177.6225669797148,72.90680000000003,7.63
103,avarua,ck,20,1505494800,73,-32.377331752183665,-167.44958176303078,69.80000000000001,4.1
104,sento se,br,0,1505496531,53,-9.676999235456577,-41.24470333137671,85.77679999999992,6.63
105,kavieng,pg,88,1505496532,100,11.654504428714446,155.42398309589237,78.66680000000002,1.63
106,dunedin,nz,0,1505496533,95,-50.0272240572197,174.00279253780047,36.72679999999997,1.33
107,hambantota,lk,76,1505496535,98,2.896980952220005,82.90755445082726,80.73679999999996,6.13
108,mar del plata,ar,75,1505491200,66,-49.664160429858654,-45.43506313643917,53.599999999999966,3.6
109,santa isabel do rio negro,br,32,1505496538,100,2.5221986261946228,-64.70011546519484,88.65680000000003,2.33
110,buala,sb,92,1505496539,95,-1.3502811011299087,161.7843298354917,80.1968,4.68
111,horsham,au,20,1505494200,67,-36.81628174472809,141.7808049208033,58.99999999999994,5.7
112,kovalevskoye,ru,0,1505496541,46,45.19834501937899,41.10690752679662,74.70679999999999,3.38
113,nanortalik,gl,64,1505496507,99,56.47148863563612,-40.08868130865869,39.606799999999964,1.78
114,jahrom,ir,20,1505494800,31,28.61141543300674,52.76428960567455,78.80000000000001,1.98
115,mount gambier,au,0,1505496545,87,-40.71944560192749,137.47316891850932,45.99679999999995,3.43
116,agogo,gh,64,1505496547,85,7.240806904498683,-0.8683870362229698,76.86680000000007,2.93
117,alyangula,au,0,1505496548,100,-14.578845244344976,139.4850208536542,76.32679999999999,5.28
118,bargal,so,0,1505496549,45,10.847498405437833,54.48150571295383,65.07679999999999,0.83
119,sechura,pe,0,1505496550,90,-10.497792238190513,-87.57444310492164,70.2967999999999,4.48
120,daxian,cn,36,1505496552,97,32.119448266608515,107.50884434114704,67.50679999999994,1.18
121,puerto ayora,ec,20,1505494800,61,2.3853007498036334,-100.10329800061719,76.99999999999994,9.3
122,margate,za,75,1505494200,76,-42.03444471882016,42.20106590666094,58.99999999999994,3.6
123,camacha,pt,75,1505494800,64,34.684872209288,-14.381524562926103,73.39999999999992,7.7
124,jamestown,sh,1,1505494560,68,-22.451394955064316,-6.219048400944871,73.39999999999992,1.5
125,fontanka,ua,0,1505494800,39,46.61802751986437,30.885452765934673,78.80000000000001,6
126,hay river,ca,20,1505494800,62,61.94768367405052,-115.9199856928157,53.599999999999966,7.2
127,bulembu,sz,0,1505494800,56,-25.730945966763272,31.462647794031426,71.59999999999997,3.1
128,leningradskiy,ru,32,1505496565,100,75.79856619988877,175.9980014434401,35.55680000000001,8.48
129,cherskiy,ru,24,1505496566,100,73.57979801104025,157.07501193068794,31.686800000000005,3.38
130,kahului,us,20,1505494560,78,29.75263454766244,-152.70533589293527,76.99999999999994,2.1
131,illoqqortoormiut,gl,0,1505494500,61,70.21812637470475,-22.990930867602884,76.99999999999994,4.6
132,mahebourg,mu,20,1505494800,73,-30.981321552609003,69.37593032222387,69.80000000000001,3.6
133,marawi,sd,36,1505496571,98,20.29281449000345,27.676934568618435,66.78680000000003,0.73
134,jalu,ly,0,1505496573,28,23.691855211853806,24.417992236638355,81.09679999999997,2.68
135,ha giang,vn,100,1505496574,99,23.4630489230333,105.4178137278891,69.12679999999995,0.83
136,lapua,fi,75,1505494200,93,63.265939001419326,23.469049218027493,42.799999999999955,3.6
137,surt,ly,0,1505496577,80,30.50814947943789,17.081682582256235,80.73679999999996,4.63
138,cape town,za,75,1505494800,87,-35.49810816406738,16.34766785777299,57.19999999999999,11.8
139,bandarbeyla,so,20,1505496580,93,9.614332941806339,54.04481804234376,78.57679999999999,13.03
140,lai,td,0,1505496581,80,10.000875384277975,16.140052918409424,81.00679999999994,2.33
141,babanusah,sd,24,1505496582,88,10.566088571544398,26.698482617236294,75.24679999999995,2.08
142,korla,cn,100,1505496584,69,40.9195612609725,89.05658333041089,60.57679999999999,1.48
143,ahipara,nz,8,1505496585,100,-32.74014531554757,168.36591214403887,53.376799999999946,7.48
144,kysyl-syr,ru,0,1505496587,91,62.524035237145796,123.36033034417022,38.436800000000005,2.78
145,ancud,cl,64,1505496588,71,-42.338928906080405,-82.43278671904274,50.49679999999995,2.33
146,flinders,au,76,1505491200,54,-31.483318199102982,134.54760578855445,57.19999999999999,4.6
147,trelew,ar,0,1505496591,31,-42.37811993195999,-67.57155681173606,62.64679999999993,6.48
148,east london,za,90,1505494800,100,-53.857294473763965,46.30824165790102,62.599999999999966,7.2
149,filadelfia,py,100,1505496594,100,-21.363293257802923,-59.4622030147402,62.73679999999996,7.88
150,provideniya,ru,92,1505496595,100,54.76926143302899,-172.16578943378386,38.97679999999997,3.48
151,padang,id,64,1505496597,100,-8.804030480189041,87.76273449838283,80.55680000000001,5.23
152,bengkulu,id,92,1505496598,100,-16.864122268428943,94.87445735049022,75.42680000000001,2.68
153,chumphon,th,92,1505496601,98,10.277813136486785,99.81898034650749,72.63680000000005,1.63
154,billings,us,90,1505494380,100,46.11938719295367,-107.48815296240456,44.599999999999966,6.2
155,harrismith,za,0,1505496608,17,-28.008168795434003,29.29566746436649,66.51680000000005,2.93
156,santa marta,co,20,1505491200,79,12.897386212599542,-74.27641179966207,85.99999999999994,4.1
157,chokurdakh,ru,68,1505496615,91,75.91587785790159,145.59872854358292,28.176799999999957,1.68
158,zimovniki,ru,0,1505496617,49,46.94979654815029,42.61840433702855,72.72679999999997,4.23
159,saint-philippe,re,20,1505494800,64,-44.54606595085598,66.05207200974087,73.39999999999992,7.2
160,mehamn,no,75,1505494200,75,83.62385974706444,28.387621745543697,44.599999999999966,6.7
161,carahue,cl,0,1505496622,74,-39.02867814030134,-74.6431797571094,55.266800000000046,3.58
162,kalmunai,lk,64,1505496624,100,6.5583786564992295,87.54456915115634,74.70679999999999,1.48
163,tiksi,ru,68,1505496626,100,86.13327222262919,121.99693887157991,31.05680000000001,3.78
164,bilibino,ru,56,1505496627,88,67.99454231389885,164.6861369904309,25.926799999999957,1.68
165,rio gallegos,ar,75,1505494800,25,-50.74955962711322,-68.28848059946539,60.80000000000001,11.8
166,beringovskiy,ru,64,1505496630,100,58.117907620071236,179.41640754971428,37.17679999999996,7.38
167,srikakulam,in,12,1505496632,100,16.981614115884682,84.77408541963268,75.15680000000003,1.23
168,fairbanks,us,75,1505494680,86,73.39440434183709,-144.26005188083997,42.799999999999955,2.58
169,bintulu,my,90,1505494800,100,2.850982444549146,113.00531285059128,73.39999999999992,0.93
170,mount isa,au,0,1505494800,14,-21.102429091472786,140.75613311665205,62.599999999999966,3.1
171,san quintin,mx,0,1505496640,65,23.03220390855884,-124.4611824802915,71.55680000000001,3.88
172,sao filipe,cv,36,1505496641,89,8.468472060056527,-32.92909455372646,83.7967999999999,3.83
173,tasiilaq,gl,75,1505494200,93,68.92877631473158,-39.277777249228706,44.599999999999966,13.4
174,labuhan,id,12,1505496645,100,-21.229674838143296,93.6555065450496,82.80680000000001,7.48
175,vendas novas,pt,0,1505494800,45,38.82378625990691,-8.413986867495566,69.80000000000001,7.2
176,kantunilkin,mx,75,1505493960,66,21.718876131856234,-87.4235081131497,89.59999999999997,4.1
177,temaraia,ki,75,1505494800,64,-1.2467276759944639,172.40286992319335,71.59999999999997,5.1
178,rodrigues alves,br,75,1505494800,62,-11.804619484843613,-63.6146678606091,89.59999999999997,2.1
179,nizhneyansk,ru,0,1505493000,68,87.7780713476254,140.59728059079993,64.39999999999992,7
180,arraial do cabo,br,0,1505494800,51,-38.197767317675535,-20.59300088351324,85.99999999999994,11.3
181,port elizabeth,za,90,1505495280,93,-53.73897502440661,30.941168026775358,62.599999999999966,6.2
182,lorengau,pg,68,1505496658,100,10.444143448128472,148.74428909204892,80.73679999999996,1.88
183,tuatapere,nz,44,1505496659,100,-63.79180987614641,155.08610894349965,44.82679999999999,6.48
184,belmonte,br,75,1505494800,73,-17.911779418902157,-31.808328025842684,78.80000000000001,3.6
185,azle,us,1,1505494500,45,33.31675070060673,-97.61290534378749,87.80000000000001,7.2
186,zyryanka,ru,64,1505496664,97,65.49198986992633,151.29648749283854,28.80680000000001,1.63
187,haapiti,pf,20,1505494800,69,-17.972915486818323,-150.81263810878477,73.39999999999992,1
188,tutoia,br,20,1505494800,49,1.5580178929350552,-41.37626731372828,91.39999999999992,5.7
189,alappuzha,in,92,1505496668,100,8.886817517773054,75.24907214112213,76.23679999999996,2.68
190,port macquarie,au,0,1505494800,93,-32.89465240158546,160.8541060460807,42.799999999999955,3.23
191,yulara,au,0,1505494800,26,-27.49990454414452,125.1659284188571,46.39999999999998,1
192,shache,cn,44,1505496673,55,38.04554976680683,76.823101828522,64.08679999999998,2.63
193,sume,br,8,1505496674,53,-7.844697772507587,-36.80433067440893,79.47679999999997,5.73
194,iqaluit,ca,75,1505494800,87,63.10553975786249,-73.1445714224163,40.99999999999994,8.2
195,tumannyy,ru,92,1505496677,100,87.42880876502946,40.405203808678095,41.67679999999996,5.23
196,zhigansk,ru,88,1505496679,94,66.1908790674072,121.07556276128025,40.14679999999993,2.88
197,port alfred,za,92,1505496681,96,-67.08997021113917,35.172567193575276,63.99679999999995,6.28
198,tokur,ru,0,1505496682,93,55.92075337715687,132.28654875011188,43.74679999999995,1.63
199,katangi,in,8,1505496684,94,21.883922647979674,79.72034996580908,75.51680000000005,1.33
200,falealupo,ws,0,1505494200,87,-14.195609861815555,-173.29914792015788,49.99999999999994,2.6
201,healdsburg,us,20,1505494560,45,37.44917272720234,-124.6063773642366,64.39999999999992,1.48
202,attawapiskat,ca,80,1505496688,78,54.80834405013604,-85.9569045091517,51.39679999999993,3.48
203,fortuna,us,1,1505494500,76,37.964068342196384,-128.45592268057152,55.39999999999992,2.1
204,sitka,us,40,1505494560,81,49.38362583942731,-138.55037266141693,51.799999999999955,2.1
205,nebaj,gt,20,1505496692,89,15.565524564428273,-91.24498298935603,73.4468,0.88
206,chernushka,ru,0,1505496694,87,56.654993316407285,56.267337326865885,57.15680000000003,3.58
207,lasa,cn,75,1505494500,75,32.29787492370755,92.1445420662975,62.599999999999966,1
208,derazhnya,ua,8,1505496698,84,49.28598279167605,27.455334406683903,50.67679999999996,1.38
209,vila franca do campo,pt,20,1505494800,69,30.56425577807525,-25.74606290589901,75.19999999999999,4.6
210,lebu,cl,0,1505496701,100,-34.19764073217395,-80.66060948431286,52.5668,10.83
211,touros,br,0,1505496556,71,-0.37061082392392564,-28.823177683091586,81.36680000000007,9.18
212,yilan,cn,75,1505493000,78,45.866658994033344,129.20890596939972,84.19999999999999,2.1
213,tuy hoa,vn,20,1505496706,100,12.711117936066188,113.9623574268245,76.50679999999994,0.98
214,san juan,us,44,1505496635,42,23.14815366595805,-65.42348545902615,53.376799999999946,1.68
215,plouzane,fr,80,1505494800,93,48.79225245168192,-5.8934509072136905,57.19999999999999,8.2
216,cravo norte,co,20,1505496712,93,6.522342590755343,-69.88026342069442,87.57679999999999,1.48
217,cortez,us,75,1505494380,59,37.637187165515385,-108.32332523289783,64.39999999999992,1.5
218,gat,ly,40,1505494200,69,23.63303340300851,8.99547966185358,80.59999999999997,3.6
219,acajutla,sv,20,1505494200,75,8.634803325594334,-90.72146171592082,89.59999999999997,2.1
220,torbay,ca,40,1505494800,48,38.78265068200281,-47.50924412752943,64.39999999999992,5.1
221,sile,tr,0,1505494200,78,41.374399400443934,29.425664647173335,73.39999999999992,6.2
222,carlagan,ph,36,1505496721,100,15.238573606269625,122.36040364332104,80.46679999999998,2.58
223,tilichiki,ru,0,1505496723,86,58.0285595801825,171.77221520403435,23.586799999999982,1.43
224,georgetown,sh,75,1505494800,63,-5.261176155945947,-17.625649712962655,91.39999999999992,5.1
225,nome,us,75,1505494380,74,67.7234490026297,-166.0018724346241,37.39999999999998,3.6
226,khorinsk,ru,0,1505496727,63,52.50529943009812,109.60612591042775,36.36680000000001,1.68
227,muros,es,40,1505494800,59,41.6184272419664,-13.7647712850777,60.80000000000001,5.7
228,ponta delgada,pt,20,1505494800,69,34.87875674615452,-27.185690864938778,75.19999999999999,4.6
229,akureyri,is,75,1505494800,51,65.058263091019,-18.72767077166276,60.80000000000001,8.7
230,khuzhir,ru,0,1505496736,100,52.60711092103924,107.12833361666861,41.94679999999994,2.18
231,saint george,bm,1,1505494560,46,29.971181197658737,-58.014395288268005,69.80000000000001,1.68
232,bose,cn,64,1505496739,79,23.768678815342966,105.60957399169149,74.4368,1.33
233,sinnamary,gf,0,1505496740,83,10.50491872837432,-49.45210940015812,84.60679999999996,3.83
234,minas,uy,20,1505494800,47,-33.683141368822426,-55.080553147058126,58.99999999999994,6.7
235,tateyama,jp,75,1505493000,64,30.381715689295234,141.59367968963318,73.39999999999992,7.7
236,varnamo,se,0,1505494200,87,57.5556655861094,13.73705135175706,53.599999999999966,1.5
237,clyde river,ca,90,1505494740,100,68.26348151063317,-72.55232805560868,31.999999999999943,10.8
238,gizo,sb,64,1505496747,100,-10.295136444706287,156.97251367499587,81.00679999999994,9.58
239,rogun,tj,0,1505494200,87,38.57207802369885,69.93657715256211,49.99999999999994,2.6
240,samusu,ws,56,1505496750,87,-12.660429011933857,-166.19886165455756,41.94679999999994,1.23
241,southbridge,nz,75,1505494800,61,-46.01520423369751,173.541241458123,82.39999999999992,2.1
242,mareeba,au,20,1505494800,73,-13.646608788035678,142.97839968860842,71.59999999999997,4.6
243,chitral,pk,20,1505496754,70,36.030665348569684,71.91652744108751,35.19679999999994,0.28
244,nikolskoye,ru,75,1505494800,93,38.93622395896233,169.42294000667152,53.599999999999966,4
245,yar-sale,ru,0,1505496757,100,73.62794455038079,70.73538982067467,36.72679999999997,4.88
246,los llanos de aridane,es,40,1505494800,73,28.81312480661903,-25.580202489193283,76.99999999999994,6.7
247,awbari,ly,0,1505496760,16,27.43225621764654,11.123465682293983,86.22679999999997,3.08
248,pahrump,us,75,1505494680,27,38.24971156418087,-115.59820538445128,78.80000000000001,4.6
249,rassvet,ru,0,1505496762,50,57.2198341954294,91.11296990911069,73.35679999999996,3.63
250,el terrero,hn,75,1505494800,54,14.050247534611373,-87.07199627600241,89.59999999999997,3.1
251,luzhou,cn,0,1505496765,96,28.853055425999287,105.14513787532269,68.40680000000003,0.73
252,rungata,ki,75,1505496000,87,2.3837369641955064,177.619625466713,49.99999999999994,2.6
253,mazamari,pe,44,1505496768,84,-11.365032376083548,-73.73428021194128,73.4468,0.83
254,luena,ao,32,1505496769,51,-12.8232015468311,19.171916650427647,74.52679999999992,1.23
255,hami,cn,68,1505496771,46,42.13567418377443,93.62253482479917,63.27679999999992,1.68
256,taoudenni,ml,0,1505496772,9,25.6980567721632,-6.89785803586966,101.4368,1.33
257,riverton,nz,75,1505494740,100,-46.2645071644794,168.13559576714573,57.19999999999999,3.93
258,cidreira,br,92,1505496775,100,-30.985805855200724,-49.14853614301782,62.376799999999946,3.13
259,port hedland,au,0,1505494800,72,-24.870930290039666,119.88178956747294,67.99999999999994,2.1
260,igrim,ru,92,1505496780,100,62.572342951682344,64.11174425651973,42.30680000000001,1.83
261,kaeo,nz,24,1505496781,92,-27.05046073655592,176.0361424170227,52.5668,6.13
262,edeia,br,0,1505496783,23,-17.30096688616264,-49.7378395962931,94.05680000000001,3.63
263,manokwari,id,92,1505496784,100,1.0870810604368302,135.2357199514684,79.20679999999999,3.23
264,chuy,uy,56,1505496786,85,-55.5512998989951,-32.0836475707857,61.47679999999997,7.13
265,bontang,id,80,1505496787,100,1.0811281601636864,117.0434596771812,80.55680000000001,2.23
266,rocha,uy,24,1505496721,77,-51.50067717969104,-39.21822447339136,59.13680000000005,5.13
267,riyadh,sa,0,1505491200,7,22.24929108657875,46.70770935104758,94.99999999999994,1.5
268,newnan,us,40,1505494560,65,33.33155221774015,-84.85908140099409,82.39999999999992,1.78
269,doha,kw,12,1505494800,63,29.548015388721467,45.4717066293596,93.19999999999999,2.6
270,namatanai,pg,64,1505496795,100,3.9925886317811177,156.88845243108716,80.73679999999996,2.43
271,katobu,id,92,1505496797,91,-5.06993095200302,123.89715848199916,79.74679999999995,4.63
272,khatanga,ru,68,1505496800,91,78.70854149960746,106.62543822160592,37.80680000000001,7.18
273,paamiut,gl,92,1505496801,90,61.2096816762857,-50.485781957697384,41.67679999999996,8.13
274,guerrero negro,mx,0,1505496803,67,24.761330187658913,-115.74335060838335,74.4368,4.98
275,sur,om,0,1505496804,96,22.451299289252617,61.82387538434676,83.97679999999997,2.48
276,bahia blanca,ar,0,1505496711,61,-39.3125925188123,-63.12923268206984,60.03680000000003,3.88
277,constitucion,mx,0,1505496807,74,14.162361392603941,-124.59099573025556,57.606799999999964,5.18
278,gambo,ca,68,1505496809,75,47.9822412771191,-54.26491265996242,78.57679999999999,3.13
279,bima,id,76,1505496810,100,-8.852394877471099,118.24004359072967,73.4468,1.28
280,nam tha,la,20,1505494800,74,21.327422385531847,101.59346506200154,82.39999999999992,2.1
281,hervey bay,au,44,1505496813,100,-22.129172898782784,157.1056632758183,65.52679999999992,1.98
282,galbshtadt,ru,0,1505496815,66,53.36517503190714,79.03282074718919,54.8168,4.68
283,zhuzhou,cn,0,1505494800,69,27.817201854495124,113.23887377923819,73.39999999999992,2
284,balikpapan,id,44,1505496818,100,-1.5884596307916041,117.82406227672823,79.2967999999999,0.43
285,kavaratti,in,92,1505496819,100,12.02070047332434,73.3640949565602,79.20679999999999,4.08
286,nouadhibou,mr,75,1505494800,88,23.613639610487297,-19.269810231543147,73.39999999999992,9.3
287,kokopo,pg,48,1505496822,100,-5.927047447010963,152.6943811789945,78.30680000000001,3.93
288,amderma,ru,36,1505496823,87,82.1853363601407,63.27198622445522,32.94679999999994,5.48
289,sabha,ly,0,1505496826,21,26.30107928835878,15.323145249697546,84.15680000000003,2.43
290,puri,in,75,1505494800,94,17.214530496069216,87.82984398158857,80.59999999999997,3.1
291,ust-kamchatsk,ru,88,1505496829,100,54.18472580801679,162.18098258054692,40.5068,2.33
292,utiroa,ki,40,1505494800,94,-2.3611926461502577,173.6911217268833,75.19999999999999,5.1
293,champerico,gt,75,1505494800,59,11.464127457665668,-93.95289797403832,89.59999999999997,4.1
294,toledo,es,40,1505495640,50,39.63806021726708,-3.929323459431515,78.80000000000001,2.33
295,bathsheba,bb,75,1505494800,74,23.28973365801147,-44.848823951506574,87.80000000000001,7.2
296,ayame,ci,90,1505494800,88,5.725514711782552,-2.7929488921597,78.80000000000001,2.1
297,surgut,ru,90,1505494800,100,61.04799012486714,73.69782195182276,40.99999999999994,4
298,indramayu,id,0,1505496842,100,-5.860307319718714,108.65207190230251,79.5668,4.88
299,codrington,ag,20,1505496843,100,24.755740243509436,-58.27191891212165,50.04679999999996,9.13
300,silchar,in,8,1505496845,94,24.83516651805941,92.78636536105739,78.12679999999995,0.83
301,itarema,br,0,1505496846,43,4.1242182796052305,-38.064560374456164,92.7967999999999,6.48
302,zharkent,kz,0,1505496848,65,44.33205738022724,79.4904404511338,38.34679999999997,1.93
303,teknaf,bd,24,1505496849,98,20.007072277365523,91.9049866848357,78.12679999999995,1.03
304,arahal,es,0,1505494800,33,37.18553885094502,-5.57784769152633,84.19999999999999,8.2
305,batsfjord,no,75,1505494200,93,75.31001076982622,31.174174355233134,44.599999999999966,10.8
306,bonavista,ca,0,1505496854,78,51.57458391671909,-47.80637251235811,61.296799999999905,5.73
307,barentsburg,sj,76,1505496000,82,86.98211037280146,-4.785798688681297,57.19999999999999,2.1
308,cabo san lucas,mx,40,1505495820,55,14.99468193968437,-120.96151033757235,87.80000000000001,3.6
309,nemuro,jp,0,1505496859,100,39.07119387243432,148.1949369793951,55.626799999999946,4.73
310,tsihombe,mg,64,1505496860,76,-39.21175107385329,47.05530370418299,66.51680000000005,3.13
311,chagda,ru,92,1505496861,97,59.52873251650681,130.39082560134193,51.126799999999946,5.23
312,iracemapolis,br,0,1505494800,17,-22.575538707342446,-47.49903264676897,91.39999999999992,3.6
313,egvekinot,ru,0,1505496864,70,59.266613016913254,-178.59376937268857,14.136799999999994,0.88
314,dzhubga,ru,0,1505496865,67,43.505644527334965,38.38343067645263,72.99679999999995,0.98
315,ribeira grande,pt,75,1505494800,73,25.34531801150419,-43.20030790358163,75.19999999999999,4.6
316,keuruu,fi,90,1505496000,87,62.469517433618904,24.83367195334023,46.39999999999998,2.6
317,harsin,ir,0,1505494800,9,34.20667642598265,47.50741326241945,76.99999999999994,2.1
318,itoigawa,jp,68,1505496871,100,37.61599938408932,137.87134512185082,64.89679999999993,5.03
319,lima,pe,20,1505496670,66,-14.48321217386136,-81.50061212173006,69.30680000000001,1.38
320,russell,nz,1,1505494560,48,-33.85603726279513,174.94785299559737,84.19999999999999,11.3
321,canitas,mx,40,1505491200,57,24.060855421189046,-102.26086010227426,49.99999999999994,1.5
322,daru,pg,92,1505496876,99,-12.596682749764227,143.8767494267954,76.86680000000007,9.33
323,mezen,ru,92,1505496877,100,65.241548299459,44.55058508965885,51.7568,2.38
324,santa cruz,cr,90,1505494800,83,9.944171374791893,-86.84874725211236,84.19999999999999,3.6
325,dubrovka,ru,0,1505496880,74,59.31184954147321,51.30248737092458,54.00679999999994,6.93
326,shangzhi,cn,48,1505496881,85,45.18676336732668,128.0849955655139,47.70679999999999,1.23
327,kirakira,sb,76,1505496882,100,-11.697096053191046,163.2257015417997,80.64679999999993,9.48
328,saleaula,ws,75,1505494800,100,-3.173828627306534,-169.5640543666052,76.99999999999994,1.5
329,price,us,90,1505494380,100,40.34531335034691,-110.78682748658241,51.799999999999955,2.6
330,jinchang,cn,92,1505496887,97,40.843694376036524,102.98227273302018,50.58679999999998,1.43
331,port lincoln,au,88,1505496888,100,-47.856580922902026,129.23528323174207,54.09679999999997,3.28
332,metu,et,0,1505496889,93,8.459315295067356,35.76656185634542,58.77679999999992,1.23
333,banda aceh,id,68,1505496891,99,5.5471752370136045,93.15495763054543,73.89679999999993,2.53
334,djibo,bf,12,1505496894,70,15.11519336895455,-1.547764272092877,89.55680000000001,1.33
335,cairns,au,20,1505494800,73,-13.963617785711477,148.15955682383236,71.59999999999997,4.6
336,rosetown,ca,44,1505496896,56,51.38854162318199,-107.83955937522425,52.38680000000005,2.98
337,alta floresta,br,12,1505491200,27,-11.081856832631757,-52.88331202911168,100.39999999999992,2.6
338,meulaboh,id,80,1505496899,100,0.08866558332381658,91.217614015484,77.0467999999999,2.73
339,sungaipenuh,id,36,1505496901,96,-2.1125498335091066,100.4726895322122,65.25679999999994,0.68
340,salalah,om,20,1505494200,83,12.068917516713626,60.845244253433975,80.59999999999997,2.1
341,antofagasta,cl,20,1505494800,59,-22.535614522666947,-74.5755826872856,60.80000000000001,4.6
342,vostok,ru,80,1505496976,92,47.64954603555205,151.86464882439668,49.77679999999998,0.93
343,saint-pierre,pm,20,1505494800,64,41.58658548287269,-54.06670773145396,73.39999999999992,7.2
344,nhulunbuy,au,40,1505494800,94,-12.464873890328462,137.637861407274,73.39999999999992,2.6
345,maceio,br,40,1505494800,61,-17.92560040769986,-26.764057842883886,80.59999999999997,6.2
346,phuket,th,75,1505494800,78,7.275857264354045,97.90623329591722,78.80000000000001,9.3
347,walvis bay,na,0,1505494800,72,-26.065556940757645,2.8212450676057017,58.99999999999994,4.1
348,rio grande,br,75,1505494800,68,-41.866025377542776,-41.31306362042088,67.99999999999994,5.7
349,faanui,pf,76,1505496997,100,-15.96225017303226,-155.90517977721817,79.20679999999999,4.58
350,faya,td,0,1505496998,65,23.466963214342414,19.036135453854627,65.52679999999992,1.08
351,warqla,dz,64,1505497000,92,30.70216413185304,2.1885584979248165,73.35679999999996,0.98
352,poum,nc,12,1505497001,100,-18.254316378197615,159.41260895989382,72.1868,8.38
353,avera,pf,40,1505494560,57,-24.629484726198783,-155.10402704899633,87.80000000000001,1.68
354,mys shmidta,ru,0,1505497004,68,76.84220592044258,-176.31612936262647,63.00679999999994,1.18
355,darhan,mn,0,1505497005,81,47.66250954027825,109.52392742021601,29.97679999999997,1.48
356,umzimvubu,za,48,1505497007,46,-44.43047913911381,41.452478681368035,63.546799999999905,0.33
357,angoche,mz,0,1505497009,100,-19.273996530376778,40.73971590266805,75.6968,6.43
358,kruisfontein,za,100,1505497010,93,-56.72201169455802,25.578475578334093,61.83679999999998,1.83
359,halalo,wf,64,1505496760,92,-14.838441482761752,-177.25881344190455,69.21679999999998,1.33
360,mollendo,pe,0,1505497013,64,-17.67135724537792,-72.31858081540604,64.89679999999993,1.83
361,murray bridge,au,92,1505497014,100,-34.862484041302594,139.56381626696327,52.926800000000014,6.88
362,benghazi,ly,0,1505497016,100,32.65209678385838,19.110872032731322,78.75679999999994,2.38
363,somerset,us,90,1505495700,54,36.85590484115389,-84.4458497670412,82.39999999999992,2.1
364,tiruvottiyur,in,75,1505494800,79,12.061521292985375,84.85750691291275,85.99999999999994,3.1
365,ambilobe,mg,64,1505497020,71,-13.369529263936187,49.5071357740687,75.33679999999998,2.83
366,blytheville,us,1,1505495700,62,35.69564082762565,-89.85603829517065,84.19999999999999,3.1
367,springdale,ca,40,1505494680,54,48.55206487308314,-56.216891010161234,82.39999999999992,5.7
368,tecoanapa,mx,48,1505497024,93,15.395593103761044,-99.40270425539453,81.27679999999992,2.08
369,broome,au,0,1505494800,94,-13.944777603648518,122.09484035130714,69.80000000000001,2.1
370,englehart,ca,1,1505494800,60,47.665000880367444,-79.70538249209818,75.19999999999999,6.2
371,jinchengjiang,cn,0,1505497028,90,24.987416547604056,108.17154666640101,70.74679999999995,1.08
372,mocuba,mz,0,1505497029,66,-16.77953834225532,38.904870611006146,73.35679999999996,3.03
373,mettur,in,76,1505497031,99,11.888465359616589,77.52989456875969,72.09679999999997,0.43
374,barmer,in,24,1505497033,62,25.06146567212589,71.0165073910407,81.99679999999995,1.98
375,gornopravdinsk,ru,100,1505497034,94,63.02849945631482,69.3643297080709,53.73679999999996,9.03
376,tidore,id,92,1505496906,100,-0.002892043034677272,126.72477502682574,75.42680000000001,2.58
377,wanning,cn,76,1505497037,96,16.613854981976303,112.35482615658549,86.22679999999997,7.83
378,dingle,ie,20,1505497039,95,49.57363011022869,-17.727731026646495,73.08679999999998,1.28
379,krasnoselkup,ru,92,1505497040,87,66.4793020417437,81.3024006162309,36.45679999999999,1.68
380,amarillo,us,1,1505494500,37,34.988976387673546,-101.50301128546786,85.99999999999994,7.2
381,galveston,us,40,1505494380,66,28.70741500091401,-94.08381654711346,91.39999999999992,5.1
382,minsk,by,75,1505494800,71,54.444243731499995,27.634745619938172,55.39999999999992,5
383,garissa,ke,0,1505497047,59,0.2674183342069796,40.467275504848374,80.1968,6.08
384,xai-xai,mz,0,1505497049,100,-28.275983572204247,36.381393487752945,70.02679999999992,5.13
385,kurilsk,ru,0,1505497050,100,43.35115987069889,147.7387774130467,46.89679999999993,1.28
386,katsuura,jp,75,1505494800,69,25.553392619661793,147.3307879286766,73.39999999999992,7.7
387,dauriya,ru,92,1505497053,92,49.336166962115726,116.78475670165597,52.29679999999996,4.13
388,saint-louis,sn,0,1505497055,54,16.06326181088663,-17.14867305413594,88.47679999999997,6.98
389,grand gaube,mu,20,1505494800,73,-16.23592356991557,60.46474237614865,69.80000000000001,3.6
390,mahadday weyne,so,0,1505497057,69,3.461724791279863,46.74800451557226,78.30680000000001,6.23
391,mwanza,mw,40,1505491200,69,-15.62099152020211,34.528927217210565,75.19999999999999,3.1
392,kieta,pg,92,1505497061,100,-2.657768953645032,156.76636992231312,76.50679999999994,2.33
393,takoradi,gh,92,1505497063,97,-0.1142644870602254,-1.3207055706096185,76.50679999999994,4.78
394,richards bay,za,0,1505497064,73,-28.35058651974471,36.11060495279372,70.38680000000005,6.28
395,hailar,cn,88,1505497065,90,49.327973757414156,120.07877947061235,48.69679999999994,4.38
396,jumla,np,20,1505497067,83,32.632366703114585,85.24643044615595,35.73680000000002,1.33
397,north bend,us,90,1505495700,93,43.953626645623984,-125.11234657276034,55.39999999999992,1.53
398,huarmey,pe,8,1505497070,57,-11.857640239777098,-81.63066598424452,70.20679999999999,2.03
399,hobyo,so,20,1505497071,86,5.463493667294443,49.359455046642665,76.32679999999999,8.88
400,moroni,km,20,1505494800,88,-11.815649144765729,42.54293035227943,76.99999999999994,1.5
401,solnechnyy,ru,0,1505497074,80,59.77102433475207,138.33612232214853,50.3168,2.23
402,paragominas,br,44,1505497076,50,-3.270086470830279,-47.01693990552107,93.87679999999995,3.18
403,lakes entrance,au,92,1505497077,88,-40.060388549508836,151.87589011523875,51.30680000000001,5.68
404,alekseyevsk,ru,0,1505497078,72,58.166727219623056,108.30302773092308,54.99679999999995,5.93
405,valle de san juan,co,75,1505491200,83,4.232382107037523,-75.10174062042623,75.19999999999999,2.6
406,santa rosa,bo,90,1505494800,83,-14.03713099140144,-66.64293444738452,84.19999999999999,3.6
407,inhambane,mz,0,1505497083,100,-26.320833725298165,36.054456406109125,69.39679999999993,3.38
408,iskateley,ru,92,1505497085,100,67.64102628335189,54.362750264962415,40.5068,7.08
409,tigil,ru,68,1505497087,85,57.74615077665766,158.68011430180746,42.216800000000035,7.03
410,puerto quijarro,bo,0,1505497089,43,-17.926209740799123,-57.552121777898265,94.05680000000001,2.28
411,goundam,ml,8,1505497090,37,16.897016192609698,-4.381885421106034,95.13680000000005,1.88
412,caravelas,br,32,1505497093,100,-20.700883420590117,-34.040460609991925,72.00679999999994,4.13
413,anadyr,ru,0,1505497096,100,62.798857650590435,176.29004326988013,30.0668,5.03
414,chippewa falls,us,1,1505494560,45,45.66007514377668,-91.06985949421365,82.39999999999992,5.1
415,alofi,nu,8,1505494800,83,-16.517739917213746,-169.04131774960177,71.59999999999997,5.7
416,atbasar,kz,0,1505497100,84,52.8157894737748,68.04148760464281,54.45679999999999,4.13
417,ponyri,ru,0,1505494800,77,52.432356114921134,36.02422029005072,58.99999999999994,8
418,molteno,za,92,1505497103,18,-31.26856177503428,26.534365419856954,75.60679999999996,7.28
419,jinxiang,cn,20,1505497104,100,26.938890761236962,121.55064910280049,81.27679999999992,3.53
420,cedar city,us,90,1505494380,55,37.84140390259326,-111.91347648880668,60.80000000000001,2.1
421,verkhnevilyuysk,ru,44,1505497107,80,60.80659311153579,120.09156770958668,40.14679999999993,2.73
422,todos santos,mx,40,1505495820,55,21.082005113133846,-114.05885959755798,87.80000000000001,3.6
423,berezovyy,ru,0,1505497111,79,51.92712085363337,135.2026988737993,41.406799999999976,1.33
424,lincoln,nz,1,1505495700,43,-43.99943806305133,172.6183313035549,87.80000000000001,7.2
425,vila velha,br,20,1505494800,65,-27.981766335219817,-27.441991017097507,78.80000000000001,7.7
426,silyanah,tn,0,1505494800,7,35.9475210180311,9.747482081948533,93.19999999999999,1.5
427,pisco,pe,0,1505494800,64,-26.033733977648346,-97.28435672098259,67.99999999999994,5.1
428,high level,ca,5,1505494800,75,58.41866488989544,-117.29780551389672,46.39999999999998,2.6
429,karauzyak,uz,0,1505496600,67,45.28269278884446,58.77999438270328,58.99999999999994,1
430,kaitangata,nz,0,1505497121,72,-73.8892714020615,178.93210438634407,42.57679999999999,6.73
431,half moon bay,us,40,1505494560,85,31.430764661829798,-134.92328269283047,64.39999999999992,4.1
432,aberdeen,us,75,1505496000,87,45.917625599794206,-98.10813911357423,51.799999999999955,7.7
433,ulaangom,mn,0,1505497126,69,48.26498427190728,90.99874269759772,23.22679999999997,0.78
434,tabou,ci,75,1505494800,78,-1.2223627442743634,-6.5623012806264,80.59999999999997,3.1
435,fallon,us,40,1505494560,36,39.40981561009579,-117.38714014974477,64.39999999999992,3.1
436,anaconda,us,90,1505495640,100,46.1712455043039,-113.42228403848493,33.799999999999955,3.1
437,lucea,jm,20,1505494800,70,18.676411423577278,-78.28848972886375,89.59999999999997,7.2
438,kenitra,ma,75,1505494800,64,34.36413375464875,-6.5508963084557195,71.59999999999997,5.1
439,kaputa,zm,0,1505497134,63,-8.305341528233129,28.816134124636648,68.40680000000003,0.98
440,lubango,ao,0,1505497137,63,-13.93666073119185,13.325792176427143,71.37679999999995,2.03
441,honjo,jp,90,1505494560,68,39.432692175579746,139.76974482313733,66.19999999999999,3.6
442,lolua,tv,75,1505496000,87,-9.915686529165825,173.10298969651717,49.99999999999994,2.6
443,cilegon,id,0,1505497141,98,-5.708908679453401,105.99907372864914,78.12679999999995,1.13
444,karakendzha,tj,36,1505497142,97,38.40595215706102,73.56313385550914,28.986800000000017,0.63
445,corrales,pe,20,1505495700,40,-15.709826196602904,-73.39557015794195,78.80000000000001,3.1
446,ocos,gt,75,1505494800,59,10.829874166868976,-95.09128189351276,89.59999999999997,4.1
447,mahon,es,75,1505496600,77,39.71494149465016,6.129271537119763,66.19999999999999,7.7
448,sampit,id,64,1505497151,76,-1.365790355706494,113.12103146341315,80.55680000000001,2.58
449,arlit,ne,80,1505497153,17,18.426851769329858,5.374973952458106,97.2967999999999,2.13
450,ponta do sol,cv,20,1505494800,64,18.544402509938138,-31.55371983023889,73.39999999999992,8.2
451,lagoa,pt,88,1505497156,99,46.36490940907146,-27.316392867750267,74.52679999999992,7.33
452,sao borja,br,92,1505497157,87,-28.292192402427162,-56.267235684911455,65.25679999999994,5.13
453,aykhal,ru,88,1505497158,74,66.2135334327827,111.61578755699054,33.84679999999997,1.78
454,longyearbyen,sj,0,1505494200,74,86.00086824656898,27.88980870274878,33.799999999999955,2.1
455,viedma,ar,0,1505497155,32,-44.29805328509106,-59.39761213919553,62.64679999999993,7.68
456,carutapera,br,32,1505497162,95,6.559946964114701,-42.438947337049086,81.72679999999997,3.13
457,vaitupu,wf,90,1505494800,88,1.560979919206332,-178.0078714444402,64.39999999999992,6.2
458,sabzevar,ir,0,1505497165,31,36.059469540028076,57.289497193372085,54.45679999999999,1.08
459,marshall,us,1,1505495700,55,44.49189156073271,-95.1889877954379,85.99999999999994,3.1
460,eureka,us,1,1505494500,76,40.570670383841104,-135.20037157250385,55.39999999999992,1.68
461,aitape,pg,76,1505497170,100,0.1068831626869553,143.90769805470012,79.74679999999995,1.38
462,nantucket,us,40,1505495700,100,39.87623866169207,-70.20617407092557,78.80000000000001,3.6
463,iquique,cl,0,1505494800,55,-20.902015972346803,-73.51495642421517,62.599999999999966,5.1
464,porto santo,pt,75,1505494800,64,32.261892628706846,-13.340531892852454,73.39999999999992,7.7
465,mgandu,tz,8,1505497177,41,-6.7524085900578115,34.049594409459644,72.72679999999997,4.53
466,burica,pa,0,1505494800,42,6.509838520758564,-83.62554411077852,69.80000000000001,10.3
467,cabedelo,br,75,1505494800,54,-4.502643306892395,-26.740699086898815,82.39999999999992,9.3
468,kilrush,ie,40,1505496600,71,52.64675354956938,-9.590021168394799,55.39999999999992,5.1
469,amahai,id,92,1505497183,100,-2.718230758127305,130.3612675176061,77.67680000000001,3.18
470,lata,sb,0,1505494800,63,-11.439551603097556,165.33916280074072,62.599999999999966,9.3
471,sentyabrskiy,ru,92,1505497186,96,38.533181791215156,155.8361539787851,53.82679999999999,7.68
472,gillette,us,90,1505494380,100,44.57595175328237,-105.2937705228667,46.39999999999998,7.2
473,fasa,ir,20,1505494800,31,29.92835575862337,53.824836408626425,78.80000000000001,0.28
474,nyrob,ru,0,1505497191,90,61.52310122692555,56.87120240380236,48.78680000000003,3.13
475,goderich,sl,0,1505497194,86,1.7621995794268344,-20.938133216802356,73.62679999999995,2.88
476,quzhou,cn,0,1505497198,93,29.466393242232755,118.95000913277084,67.59679999999997,1.63
477,vestmanna,fo,56,1505496000,93,64.98927417965498,-8.08614692634066,46.39999999999998,6.7
478,okhotsk,ru,44,1505497201,99,60.75458148584522,143.01904549180847,47.436800000000005,1.13
479,boa vista,br,8,1505496925,52,1.2781809207945116,-60.616177159121676,95.85679999999996,3.68
480,bramming,dk,36,1505496000,82,55.49718621610879,8.698022322931024,55.39999999999992,2.6
481,zaysan,kz,0,1505497206,74,46.83491346772618,85.16846855515843,38.436800000000005,1.23
482,upata,ve,12,1505497207,65,6.5913731488124085,-62.169599902356765,87.12679999999995,3.13
483,ladario,br,0,1505494800,44,-18.863481487031123,-57.57335033285317,94.99999999999994,4.6
484,mpraeso,gh,80,1505497210,86,6.507995520490326,-0.6731862598153384,77.49679999999995,3.88
485,keelung,tw,75,1505494800,78,25.943549778470256,121.77747176444541,82.39999999999992,2.6
486,bambous virieux,mu,20,1505494800,73,-24.292882478953047,69.46922171253485,69.80000000000001,3.6
487,laguna,br,1,1505494800,63,-39.437481394533,-34.89393368127702,69.80000000000001,1.98
488,kalomo,zm,0,1505497216,31,-16.777063863846422,26.328279889034576,69.30680000000001,3.63
489,kiama,au,76,1505491200,54,-35.98918370163862,153.56664786994935,57.19999999999999,4.6
490,hauterive,ca,44,1505496600,62,52.38170223956078,-69.57756626540935,57.19999999999999,4.6
491,igarka,ru,88,1505497223,100,67.64536554870548,87.24211730445217,36.45679999999999,2.08
492,dali,cn,88,1505497225,100,24.651124154311674,100.60463813992055,57.696799999999996,0.88
493,killarney,ca,40,1505495700,100,48.85114021757633,-99.34031071535996,46.39999999999998,7.7
494,katangli,ru,8,1505497228,94,52.00855907498996,146.01756913463538,75.78680000000003,1.53
495,kismayo,so,8,1505497229,98,-3.3682998449015713,46.19111980333801,77.85679999999996,7.03
496,qaqortoq,gl,90,1505494200,100,59.35963275192745,-48.20075620386996,44.599999999999966,0.5
497,bull savanna,jm,24,1505497234,60,16.734698766507606,-77.46623594768829,89.64679999999993,1.53
498,sao joao da barra,br,0,1505494800,48,-27.196154251241452,-33.0142417859235,82.39999999999992,10.3
499,ketchikan,us,20,1505494560,76,56.32635026529587,-132.3216268104756,57.19999999999999,4.1
500,dongsheng,cn,76,1505497238,99,40.8205052313763,109.33662785448138,53.82679999999999,1.88
501,piojo,co,40,1505494800,70,10.68312411261634,-75.11080949851824,93.19999999999999,4.1
502,vestmannaeyjar,is,56,1505497242,87,56.14309604117247,-19.240044525360986,52.02679999999998,2.58
503,illapel,cl,0,1505497244,46,-31.252231322363905,-72.1259562804233,69.21679999999998,1.88
504,contamana,pe,0,1505497245,54,-6.395485947191958,-74.70383180816033,91.98679999999996,1.28
505,tautira,pf,20,1505494800,69,-20.361865727441725,-142.25353212632595,73.39999999999992,1
506,omboue,ga,24,1505497248,100,-4.370836606135754,5.000334958341256,76.32679999999999,4.83
507,grindavik,is,75,1505494800,81,63.198667726003464,-22.56906770401369,55.39999999999992,7.7
508,nguiu,au,88,1505497251,98,-10.536681382185733,131.2728192923763,70.2967999999999,1.63
509,quatre cocos,mu,20,1505494800,73,-15.097597307393443,67.88752885816385,69.80000000000001,3.6
510,bani,do,20,1505494800,66,16.212600595128805,-69.72607095232917,89.59999999999997,5.1
511,anloga,gh,40,1505494800,83,1.0982186593847985,2.32702157148924,80.59999999999997,7.7
512,teya,ru,92,1505497257,98,61.09870314793932,92.18848456493254,34.83679999999998,0.98
513,ylivieska,fi,92,1505497258,98,63.822534634327525,24.228184485555204,42.126799999999946,2.63
514,san isidro,ph,20,1505497260,66,5.80218459756901,129.72878100390471,69.30680000000001,1.38
515,jurmala,lv,20,1505496000,93,57.55645550152249,23.662301285180348,55.39999999999992,2.6
516,geresk,af,0,1505497263,35,31.93999452129343,63.9538484354907,64.17680000000001,1.53
517,butterworth,za,75,1505494800,94,-32.47666726374317,28.393481746982957,76.99999999999994,3.68
518,saint-leu,re,20,1505494800,64,-22.703277835456873,52.15198243681755,73.39999999999992,7.2
519,waipawa,nz,100,1505494800,87,-47.102356179811025,178.6054343705427,55.39999999999992,8.7
520,kondinskoye,ru,48,1505497269,66,61.29485637136625,67.58696878509676,58.41680000000002,5.88
521,new glasgow,ca,44,1505497270,69,45.17931354211146,-62.704484602905765,67.95679999999999,1.88
522,bangolo,ci,40,1505494800,66,7.100291384752424,-7.828979285622211,85.99999999999994,1
523,ahuimanu,us,1,1505494680,94,27.95371204547645,-155.26067511620806,76.99999999999994,3.03
524,mina,mx,5,1505493600,65,25.94992081830729,-100.65518510189602,87.80000000000001,2.1
525,borogontsy,ru,92,1505497276,91,64.50402031685908,132.88758691411203,44.376799999999946,1.23
526,cuauhtemoc,mx,12,1505497120,43,28.51903608863175,-106.96266867080621,79.2967999999999,1.68
527,altamont,us,1,1505494380,33,42.52884286350462,-121.28812101617379,57.19999999999999,3.6
528,kodinsk,ru,92,1505497280,97,57.67389349502798,98.9340435671649,39.69679999999994,2.53
529,phumi samraong,kh,92,1505497281,98,12.31800421451669,105.64462004127387,73.62679999999995,2.68
530,kencong,id,92,1505497282,100,-8.569450050344457,113.18097798229229,73.08679999999998,1.68
531,yuli,tw,20,1505497285,59,23.197156131518923,122.29791405886868,82.89679999999993,2.78
532,pio xii,br,8,1505497286,52,-4.2190964608611665,-45.93590044003264,93.60679999999996,2.53
533,cayenne,gf,20,1505494800,59,8.614947833272609,-47.77823583692174,89.59999999999997,3.6
534,ajaccio,fr,90,1505496600,60,41.66241530787792,8.574502078637039,73.39999999999992,1.5
535,pedasi,pa,32,1505497294,100,6.487967351091584,-79.52403558499782,81.09679999999997,2.03
536,pakxan,la,90,1505494800,94,18.646667068238003,103.98909323941899,75.19999999999999,2.6
537,portland,au,20,1505494560,76,-62.177712062423566,126.55110041810593,60.80000000000001,1.5
538,dingzhou,cn,32,1505494800,100,39.14797001030567,114.44048800320797,64.39999999999992,1
539,bowen,au,92,1505497302,100,-17.41674470990455,150.55149130933387,72.36680000000007,6.93
540,stepnyak,kz,0,1505497304,71,53.68712429916184,70.99322022706923,58.41680000000002,5.93
541,jagdispur,in,40,1505494800,84,25.49866767246226,84.51618085000825,85.99999999999994,1.5
542,wanlaweyn,so,0,1505497307,76,3.0813303298308483,44.3885352539767,76.6868,5.23
543,mayo,ca,1,1505495820,74,66.64858899582867,-140.13086464175376,82.39999999999992,2.1
544,rexburg,us,90,1505494560,93,43.78403738190909,-111.80309822232798,46.39999999999998,5.1
545,el tigre,ve,20,1505497311,53,8.352875472721834,-64.84207523481867,91.62679999999995,4.73
546,krasne,ua,0,1505496600,67,46.26097851184247,32.780945353359044,58.99999999999994,1
547,dudinka,ru,88,1505497313,97,70.98424441477263,85.35590132061878,38.79679999999996,2.48
548,andros town,bs,40,1505494800,59,24.320085426140835,-77.24641568033053,93.19999999999999,4.6
549,kholtoson,ru,0,1505497316,73,49.74825916113085,102.01723330466496,29.616800000000012,1.48
550,san cristobal,ec,40,1505494800,38,1.967130891351573,-87.75960619840522,93.19999999999999,10.8
551,porto belo,br,0,1505494800,69,-27.09084593809179,-47.20637407365837,76.99999999999994,7.2
552,ust-karsk,ru,36,1505497322,96,52.82153017323759,118.83310375643225,48.42679999999996,1.23
553,havelock,us,75,1505494620,62,32.77691079840433,-72.18451301202406,84.19999999999999,1.58
554,grand-lahou,ci,68,1505497325,83,1.9227611418332486,-4.660294001999006,77.9468,4.43
555,kargil,in,68,1505497326,88,34.08803012204076,76.4715211354249,29.796799999999962,0.28
556,kazalinsk,kz,44,1505497328,49,45.08053137390337,62.06421849946841,62.73679999999996,2.08
557,lokosovo,ru,92,1505497329,100,61.65319954603032,74.70308916570784,43.02679999999998,5.18
558,dadu,pk,0,1505497331,72,26.658612586869566,67.71136020533211,77.58679999999998,2.53
559,pathein,mm,44,1505497334,87,17.796267779541296,92.66055754228688,80.82679999999999,2.53
560,suntar,ru,80,1505497335,62,62.94640773125835,116.80402702631238,41.856799999999964,2.08
561,katyuzhanka,ua,0,1505494800,58,50.819423559330176,30.069215110125214,58.99999999999994,3
562,allingabro,dk,32,1505496000,82,56.72931790875427,10.472790936683253,57.19999999999999,1
563,te anau,nz,68,1505497339,89,-38.90650331030294,163.23150749195258,35.91680000000002,2.03
564,honiara,sb,40,1505494800,94,-11.89654696330274,159.1632438691177,75.19999999999999,1
565,tacoronte,es,20,1505496600,73,28.879721326773492,-16.306866383010117,76.99999999999994,5.1
566,suhindol,bg,0,1505496600,64,43.136503233048984,25.13620089172869,69.80000000000001,1
567,progreso,mx,75,1505493960,70,24.84364167547062,-89.63229319972164,87.80000000000001,4.6
568,chapais,ca,90,1505494800,71,51.24032928248221,-73.56411044243063,55.39999999999992,3.1
569,satitoa,ws,75,1505496000,87,-15.290228184853817,-169.276538820483,48.19999999999999,3.6
570,tambura,sd,44,1505497349,90,5.622693606416448,27.1604745670397,74.70679999999999,1.33
571,leh,in,12,1505497352,85,35.58758487531664,81.37829223070707,23.22679999999997,0.73
572,husavik,is,75,1505494800,51,75.0784196927529,-12.186873568306112,60.80000000000001,8.7
573,colares,pt,0,1505494800,42,39.42162863670612,-14.12095773578099,69.80000000000001,10.3
574,formoso do araguaia,br,0,1505497359,33,-11.39511023758969,-50.397071551569525,94.05680000000001,4.28
575,port hardy,ca,75,1505494800,81,44.69593638503582,-135.8236490569593,53.599999999999966,2.6
576,arkadelphia,us,40,1505494500,45,34.01345732495828,-92.87689317844819,87.80000000000001,3.1
577,qasigiannguit,gl,75,1505494200,81,67.16735155005398,-50.39864868490898,44.599999999999966,0.5
578,mpulungu,zm,8,1505497364,35,-8.403807270792626,30.53276186816126,68.40680000000003,2.78
579,nizhnevartovsk,ru,90,1505494800,100,61.40321650218468,76.47049534058294,40.99999999999994,4
580,thinadhoo,mv,0,1505497367,100,-0.7445312441122951,65.28194087311215,82.80680000000001,2.18
581,gangarampur,in,0,1505497368,93,25.33441492935613,88.46216087832084,79.74679999999995,1.28
582,aripuana,br,0,1505497371,28,-9.16452158324951,-61.69078462342182,101.25679999999994,1.33
583,kinsale,ie,75,1505496600,76,50.72738675690212,-7.920935076849759,53.599999999999966,6.2
584,gamba,ga,92,1505497375,74,-6.3207556691013735,3.548222965897537,78.39679999999993,4.93
585,ixtapa,mx,75,1505494020,62,-0.7598943543969341,-111.13554990584846,87.80000000000001,1.08
586,andenes,no,75,1505496000,81,72.64566657460205,13.928769996160668,46.39999999999998,12.9
587,puerto escondido,mx,75,1505493660,70,4.399313726862047,-102.49410623503485,84.19999999999999,3.1
588,mattru,sl,75,1505496000,87,0.22750539952565418,-16.78530977306073,49.99999999999994,2.6
589,piacabucu,br,92,1505497382,100,-11.490489925245043,-35.890350458285354,71.1968,5.83
590,toliary,mg,0,1505497384,76,-23.312958085075593,41.31427534071719,72.1868,6.83
591,esmeraldas,ec,0,1505494800,23,1.324327560456041,-80.43792100124465,85.99999999999994,4.6
592,ambodifototra,mg,0,1505497387,100,-17.275944894428704,51.19148642728251,69.39679999999993,2.78
593,dzhusaly,kz,80,1505497388,91,45.22975669985556,64.36530429191498,67.59679999999997,0.78
594,bereda,so,8,1505496300,71,13.365677827632425,51.62367773684551,57.19999999999999,3.1
595,yomitan,jp,75,1505493900,74,27.203645929367482,125.66018851353789,80.59999999999997,1
596,truro,ca,40,1505496000,71,45.43856041214198,-63.237395841473685,57.19999999999999,7.7
597,dakar,sn,20,1505494800,70,16.22148599932366,-19.34700098855089,85.99999999999994,4.1
598,ashtabula,us,1,1505495700,68,41.6109594675616,-80.8756175992886,75.19999999999999,4.1
599,tucumcari,us,1,1505494380,33,35.149437585771565,-104.10424468148999,85.99999999999994,7.2
600,nayoro,jp,0,1505497401,89,44.2214327034402,142.5584953650345,37.17679999999996,0.98
601,agropoli,it,0,1505494200,73,40.00876201468873,15.079895506395275,73.39999999999992,2.1
602,candido mendes,br,12,1505497405,90,-1.4406766499694186,-45.48227917907451,83.97679999999997,7.03
603,shenxian,cn,88,1505497407,81,36.469963109498096,115.67992694848743,68.85679999999996,0.38
604,madang,pg,88,1505497408,99,-4.0417395855699425,147.33834734810932,74.97679999999997,1.78
